Workbook
Name Slicer_AM_PM: #N/A
Name Slicer_Day_Name: #N/A
Name Slicer_Month_Name: #N/A
Name Slicer_utilisation_group: #N/A
Name Slicer_Year: #N/A

Sheet data model 

Sheet analysis 
B3: Total Riders | C3: average num of riders
B4: 6587 | C4: 32.935
G5: time group | H5: Total Riders | K5: Time 12H | L5: Total Riders | N5: Time 12H | O5: Total Riders | R5: Year | S5: Total Riders | T5: Total Riders2 | X5: Day Name | Y5: Total Riders | AB5: =X5 -> Day Name | AC5: =Y5 -> Total Riders | AD5: average | AE5: above avg | AJ5: Month Name | AK5: Total Riders | AM5: =AJ5 -> Month Name | AN5: =AK5 -> Total Riders | AR5: utilisation group | AS5: total bus | AU5: total buses | BB5: AM-PM | BC5: Total Riders
G6: 5:00 AM - 10:00 AM | H6: 1345 | K6: 8:57 PM | L6: 80 | N6: 7:50 PM | O6: 15 | R6: 2023 | S6: 5654 | X6: Mon | Y6: 1085 | AB6: =X6 -> Mon | AC6: =Y6 -> 1085 | AD6: =AVERAGE($Y$6:$Y$12) -> 941 | AE6: =IF(Y6>AD6,Y6,"") -> 1085 | AJ6: Jan | AK6: 933 | AM6: =AJ6 -> Jan | AN6: =AK6 -> 933 | AR6: over utilised | AS6: 20 | AU6: =AS6 & " Total Buses" -> 20 Total Buses | BB6: AM | BC6: 0.35387885 | BE6: =BB6 -> AM | BF6: =BC6 -> 0.35387885
G7: 3:00 PM - 8:00 PM | H7: 1346 | R7: 2024 | S7: 933 | T7: -0.83498408 | X7: Tue | Y7: 983 | AB7: =X7 -> Tue | AC7: =Y7 -> 983 | AD7: =AVERAGE($Y$6:$Y$12) -> 941 | AE7: =IF(Y7>AD7,Y7,"") -> 983 | AJ7: Dec | AK7: 5654 | AM7: =AJ7 -> Dec | AN7: =AK7 -> 5654 | AR7: under utilised | AS7: 19 | AU7: =AS7 & " Total Buses" -> 19 Total Buses | BB7: PM | BC7: 0.64612115 | BE7: =BB7 -> PM | BF7: =BC7 -> 0.64612115
G8: 8:00 PM - 1:00 AM | H8: 1653 | X8: Wed | Y8: 887 | AB8: =X8 -> Wed | AC8: =Y8 -> 887 | AD8: =AVERAGE($Y$6:$Y$12) -> 941 | AE8: =IF(Y8>AD8,Y8,"") | AR8: well utilised | AS8: 38 | AU8: =AS8 & " Total Buses" -> 38 Total Buses
G9: 10:00 AM - 3:00 PM | H9: 2243 | X9: Thu | Y9: 889 | AB9: =X9 -> Thu | AC9: =Y9 -> 889 | AD9: =AVERAGE($Y$6:$Y$12) -> 941 | AE9: =IF(Y9>AD9,Y9,"")
B10: RouteName | C10: Total Riders | R10: =(S7-S6)/S6 -> -0.83498408 | S10: =IF(R10<0,"▼","▲") -> ▼ | X10: Fri | Y10: 762 | AB10: =X10 -> Fri | AC10: =Y10 -> 762 | AD10: =AVERAGE($Y$6:$Y$12) -> 941 | AE10: =IF(Y10>AD10,Y10,"")
B11: East-West Express | C11: 1322 | X11: Sat | Y11: 796 | AB11: =X11 -> Sat | AC11: =Y11 -> 796 | AD11: =AVERAGE($Y$6:$Y$12) -> 941 | AE11: =IF(Y11>AD11,Y11,"") | AR11: =AR5 -> utilisation group
T12: =IF(R10<0,"YoY change suggests room for improvement","It is doing good") -> YoY change suggests room for improvement | X12: Sun | Y12: 1185 | AB12: =X12 -> Sun | AC12: =Y12 -> 1185 | AD12: =AVERAGE($Y$6:$Y$12) -> 941 | AE12: =IF(Y12>AD12,Y12,"") -> 1185 | AR12: =AR6 -> over utilised | AS12: =AS6/SUM($AS$6:$AS$8) -> 0.25974026 | AT12: =1-AS12 -> 0.74025974 | AV12: =AS12 -> 0.25974026 | AW12: =AT12 -> 0.74025974
AR13: =AR7 -> under utilised | AS13: =AS7/SUM($AS$6:$AS$8) -> 0.24675325 | AT13: =1-AS13 -> 0.75324675 | AV13: =AS13 -> 0.24675325 | AW13: =AT13 -> 0.75324675
AR14: =AR8 -> well utilised | AS14: =AS8/SUM($AS$6:$AS$8) -> 0.49350649 | AT14: =1-AS14 -> 0.50649351 | AV14: =AS14 -> 0.49350649 | AW14: =AT14 -> 0.50649351
B15: RouteName | C15: Total Riders | Y15: percentage | AG15: =ISNUMBER(AA17) -> FALSE
B16: South Line | C16: 185 | Y16: =SUM(AE6:AE12)/SUM(AC6:AC12) -> 0.49385153
AA17: ="focus on highlighted weekdays : they exceeded the " & 'analysis '!AD6 & " passengers average and account for " & TEXT('analysis '!Y16,"0.0%") & " of the total passengers " -> focus on highlighted weekdays : they exceeded the 941 passengers average and account for 49.4% of the total passengers
AA20: =PROPER(AA17) -> Focus On Highlighted Weekdays : They Exceeded The 941 Passengers Average And Account For 49.4% Of The Total Passengers

Sheet Dashboard (2)
D11: =
C12: <

Sheet Sheet2
E10: Over | F10: Under | G10: Well
D12: Mon | E12: ='analysis 2'!AZ10 -> 12 | F12: ='analysis 2'!BA10 -> 4 | G12: ='analysis 2'!BB10 -> 15
D13: Tue | E13: ='analysis 2'!AZ11 -> 4 | F13: ='analysis 2'!BA11 -> 5 | G13: ='analysis 2'!BB11 -> 20
D14: Wed | E14: ='analysis 2'!AZ12 -> 5 | F14: ='analysis 2'!BA12 -> 4 | G14: ='analysis 2'!BB12 -> 18
D15: Thu | E15: ='analysis 2'!AZ13 -> 5 | F15: ='analysis 2'!BA13 -> 7 | G15: ='analysis 2'!BB13 -> 17
D16: Fri | E16: ='analysis 2'!AZ14 -> 5 | F16: ='analysis 2'!BA14 -> 6 | G16: ='analysis 2'!BB14 -> 13
D17: Sat | E17: ='analysis 2'!AZ15 -> 9 | F17: ='analysis 2'!BA15 -> 4 | G17: ='analysis 2'!BB15 -> 10
D18: Sun | E18: ='analysis 2'!AZ16 -> 5 | F18: ='analysis 2'!BA16 -> 8 | G18: ='analysis 2'!BB16 -> 24

Sheet analysis 2
B6: Number Of Routes | C6: average passengers per route | F6: RouteName | G6: Total Riders | K6: =F6 -> RouteName | L6: =G6 -> Total Riders | M6: top3
B7: 10 | C7: 658.7 | F7: South Line | G7: 185 | K7: =F7 -> South Line | L7: =G7 -> 185 | M7: =IF(OR(L7=$Q$8,L7=$Q$9,L7=$Q$10),L7,"") | W7: Average of Utilisation percentage % | Y7: Count of utilisation group | Z7: utilisation group | AD7: =Y7 -> Count of utilisation group | AE7: =Z7 -> utilisation group
F8: North Circular | G8: 206 | K8: =F8 -> North Circular | L8: =G8 -> 206 | M8: =IF(OR(L8=$Q$8,L8=$Q$9,L8=$Q$10),L8,"") | P8: 1 | Q8: =LARGE($L$7:$L$16,P8) -> 1322 | W8: 0.79781667 | Y8: RouteName | Z8: over utilised | AA8: under utilised | AB8: well utilised | AD8: =Y8 -> RouteName | AE8: =Z8 -> over utilised | AF8: =AA8 -> under utilised | AG8: =AB8 -> well utilised | AJ8: well | AO8: Count of utilisation group | AP8: utilisation group | AT8: =AO8 -> Count of utilisation group | AU8: =AP8 -> utilisation group | AV8: =AQ8 -> 0 | AW8: =AR8 -> 0 | AY8: =AT8 -> Count of utilisation group | AZ8: =AU8 -> utilisation group | BA8: =AV8 -> 0 | BB8: =AW8 -> 0
B9: =B7 -> 10 | F9: Beachfront Route | G9: 331 | K9: =F9 -> Beachfront Route | L9: =G9 -> 331 | M9: =IF(OR(L9=$Q$8,L9=$Q$9,L9=$Q$10),L9,"") | P9: 2 | Q9: =LARGE($L$7:$L$16,P9) -> 1271 | Y9: Airport Express | Z9: 4 | AA9: 6 | AB9: 15 | AD9: =Y9 -> Airport Express | AE9: =Z9 -> 4 | AF9: =AA9 -> 6 | AG9: =AB9 -> 15 | AJ9: =MAX(AG9:AG18) -> 26 | AK9: =INDEX(AD9:AD18,MATCH(AJ9,AG9:AG18,0)) -> Central Line | AO9: Day Name | AP9: over utilised | AQ9: under utilised | AR9: well utilised | AT9: =AO9 -> Day Name | AU9: =AP9 -> over utilised | AV9: =AQ9 -> under utilised | AW9: =AR9 -> well utilised | AY9: =AT9 -> Day Name | AZ9: =AU9 -> over utilised | BA9: =AV9 -> under utilised | BB9: =AW9 -> well utilised
F10: City Shuttle | G10: 509 | K10: =F10 -> City Shuttle | L10: =G10 -> 509 | M10: =IF(OR(L10=$Q$8,L10=$Q$9,L10=$Q$10),L10,"") | P10: 3 | Q10: =LARGE($L$7:$L$16,P10) -> 754 | Y10: Beachfront Route | AA10: 5 | AB10: 6 | AD10: =Y10 -> Beachfront Route | AE10: =Z10 -> 0 | AF10: =AA10 -> 5 | AG10: =AB10 -> 6 | AO10: Mon | AP10: 12 | AQ10: 4 | AR10: 15 | AT10: =AO10 -> Mon | AU10: =AP10 -> 12 | AV10: =AQ10 -> 4 | AW10: =AR10 -> 15 | AY10: =AT10 -> Mon | AZ10: =AU10 -> 12 | BA10: =AV10 -> 4 | BB10: =AW10 -> 15
F11: Market Line | G11: 609 | K11: =F11 -> Market Line | L11: =G11 -> 609 | M11: =IF(OR(L11=$Q$8,L11=$Q$9,L11=$Q$10),L11,"") | Y11: Central Line | Z11: 6 | AA11: 8 | AB11: 26 | AD11: =Y11 -> Central Line | AE11: =Z11 -> 6 | AF11: =AA11 -> 8 | AG11: =AB11 -> 26 | AO11: Tue | AP11: 4 | AQ11: 5 | AR11: 20 | AT11: =AO11 -> Tue | AU11: =AP11 -> 4 | AV11: =AQ11 -> 5 | AW11: =AR11 -> 20 | AY11: =AT11 -> Tue | AZ11: =AU11 -> 4 | BA11: =AV11 -> 5 | BB11: =AW11 -> 20
F12: Suburban Line | G12: 659 | K12: =F12 -> Suburban Line | L12: =G12 -> 659 | M12: =IF(OR(L12=$Q$8,L12=$Q$9,L12=$Q$10),L12,"") | Y12: City Shuttle | Z12: 3 | AA12: 4 | AB12: 9 | AD12: =Y12 -> City Shuttle | AE12: =Z12 -> 3 | AF12: =AA12 -> 4 | AG12: =AB12 -> 9 | AO12: Wed | AP12: 5 | AQ12: 4 | AR12: 18 | AT12: =AO12 -> Wed | AU12: =AP12 -> 5 | AV12: =AQ12 -> 4 | AW12: =AR12 -> 18 | AY12: =AT12 -> Wed | AZ12: =AU12 -> 5 | BA12: =AV12 -> 4 | BB12: =AW12 -> 18
F13: University Line | G13: 741 | K13: =F13 -> University Line | L13: =G13 -> 741 | M13: =IF(OR(L13=$Q$8,L13=$Q$9,L13=$Q$10),L13,"") | Y13: East-West Express | Z13: 15 | AA13: 4 | AB13: 19 | AD13: =Y13 -> East-West Express | AE13: =Z13 -> 15 | AF13: =AA13 -> 4 | AG13: =AB13 -> 19 | AJ13: under | AO13: Thu | AP13: 5 | AQ13: 7 | AR13: 17 | AT13: =AO13 -> Thu | AU13: =AP13 -> 5 | AV13: =AQ13 -> 7 | AW13: =AR13 -> 17 | AY13: =AT13 -> Thu | AZ13: =AU13 -> 5 | BA13: =AV13 -> 7 | BB13: =AW13 -> 17
F14: Airport Express | G14: 754 | K14: =F14 -> Airport Express | L14: =G14 -> 754 | M14: =IF(OR(L14=$Q$8,L14=$Q$9,L14=$Q$10),L14,"") -> 754 | Y14: Market Line | Z14: 7 | AB14: 10 | AD14: =Y14 -> Market Line | AE14: =Z14 -> 7 | AF14: =AA14 -> 0 | AG14: =AB14 -> 10 | AJ14: =MAX(AF9:AF18) -> 8 | AK14: =INDEX(AD9:AD18,MATCH(AJ14,AF9:AF18,0)) -> Central Line | AO14: Fri | AP14: 5 | AQ14: 6 | AR14: 13 | AT14: =AO14 -> Fri | AU14: =AP14 -> 5 | AV14: =AQ14 -> 6 | AW14: =AR14 -> 13 | AY14: =AT14 -> Fri | AZ14: =AU14 -> 5 | BA14: =AV14 -> 6 | BB14: =AW14 -> 13
F15: Central Line | G15: 1271 | K15: =F15 -> Central Line | L15: =G15 -> 1271 | M15: =IF(OR(L15=$Q$8,L15=$Q$9,L15=$Q$10),L15,"") -> 1271 | O15: percentage | P15: others | Y15: North Circular | Z15: 1 | AA15: 2 | AB15: 3 | AD15: =Y15 -> North Circular | AE15: =Z15 -> 1 | AF15: =AA15 -> 2 | AG15: =AB15 -> 3 | AO15: Sat | AP15: 9 | AQ15: 4 | AR15: 10 | AT15: =AO15 -> Sat | AU15: =AP15 -> 9 | AV15: =AQ15 -> 4 | AW15: =AR15 -> 10 | AY15: =AT15 -> Sat | AZ15: =AU15 -> 9 | BA15: =AV15 -> 4 | BB15: =AW15 -> 10
F16: East-West Express | G16: 1322 | K16: =F16 -> East-West Express | L16: =G16 -> 1322 | M16: =IF(OR(L16=$Q$8,L16=$Q$9,L16=$Q$10),L16,"") -> 1322 | O16: =SUM(M7:M16)/SUM(L7:L16) -> 0.50812206 | P16: =1-O16 -> 0.49187794 | R16: =O16 -> 0.50812206 | S16: =P16 -> 0.49187794 | Y16: South Line | AA16: 1 | AB16: 5 | AD16: =Y16 -> South Line | AE16: =Z16 -> 0 | AF16: =AA16 -> 1 | AG16: =AB16 -> 5 | AO16: Sun | AP16: 5 | AQ16: 8 | AR16: 24 | AT16: =AO16 -> Sun | AU16: =AP16 -> 5 | AV16: =AQ16 -> 8 | AW16: =AR16 -> 24 | AY16: =AT16 -> Sun | AZ16: =AU16 -> 5 | BA16: =AV16 -> 8 | BB16: =AW16 -> 24
Y17: Suburban Line | Z17: 7 | AA17: 4 | AB17: 8 | AD17: =Y17 -> Suburban Line | AE17: =Z17 -> 7 | AF17: =AA17 -> 4 | AG17: =AB17 -> 8 | AJ17: over
Y18: University Line | Z18: 2 | AA18: 4 | AB18: 16 | AD18: =Y18 -> University Line | AE18: =Z18 -> 2 | AF18: =AA18 -> 4 | AG18: =AB18 -> 16 | AJ18: =MAX(AE9:AE18) -> 15 | AK18: =INDEX(AD9:AD18,MATCH(AJ18,AE9:AE18,0)) -> East-West Express
AT19: over
AT20: =MAX(AU10:AU16) -> 12 | AU20: =INDEX(AT10:AT16,MATCH(AT20,AU10:AU16,0)) -> Mon | AV20: =INDEX(AY21:AY27,MATCH(AU20,AX21:AX27,0)) -> Monday | AX20: Short | AY20: Full
AV21: =INDEX(AZ21:AZ27,MATCH(AV20,AY21:AY27,0)) -> Start Of The Weekdays | AX21: Mon | AY21: Monday | AZ21: =PROPER("start of the weekdays") -> Start Of The Weekdays
AT22: under | AX22: Tue | AY22: Tuesday | AZ22: =""
AT23: =MAX(AV10:AV16) -> 8 | AU23: =INDEX(AT10:AT16,MATCH(AT23,AV10:AV16,0)) -> Sun | AV23: =INDEX(AY21:AY27,MATCH(AU23,AX21:AX27,0)) -> Sunday | AX23: Wed | AY23: Wednesday | AZ23: =""
AV24: =INDEX(AZ21:AZ27,MATCH(AV23,AY21:AY27,0)) -> Weekend | AX24: Thu | AY24: Thursday | AZ24: =""
AX25: Fri | AY25: Friday | AZ25: =PROPER("End Of the Weekdays") -> End Of The Weekdays
AX26: Sat | AY26: Saturday | AZ26: Weekend
AX27: Sun | AY27: Sunday | AZ27: Weekend

Sheet Dashboard
D11: =
C12: <

Sheet Dashboard (3)
D11: =
C12: <
